gene,HL60,MCF7,K562,A2780,A549,SKOV3
DDB2,4.70045935,6.135137174,4.466683406,4.621022831,5.964441153,4.212186922
DCTD,4.793598875,4.550802435,6.435153921,6.301443404,5.776615669,6.798499745
PCMT1,6.01615393,6.664456556,7.187206602,4.437849174,6.173948434,6.79599904
NFIL3,2.458690587,3.151538694,4.987671611,2.579873657,3.331757204,3.836085131
HMG20B,5.400864343,6.015073874,5.428130955,6.205927567,3.721797345,6.268316664
PLSCR1,3.053242106,4.252933931,6.684073972,4.521091882,5.480853966,6.288336545
OXSR1,3.417814887,4.210047998,4.812758453,4.779278549,4.280960066,3.924024727
PIK3R3,1.438013879,4.774868012,1.935324173,3.501420156,1.351046863,2.019595561
HMGCS1,2.727944678,6.037722619,7.441630387,5.725460252,6.768641726,6.733630135
NRAS,3.852938399,6.461671411,5.624178838,4.96654137,5.060816531,5.853385404
ATG3,5.304695648,5.608024002,5.342920763,5.152131832,5.575998192,6.017857536
ZNF451,3.04004917,3.168312198,4.605930868,3.798113769,3.011977033,3.832491041
TSPAN4,1.387475608,3.945315915,4.147381801,5.235288259,6.406029539,7.092798505
ZMYM2,4.281263273,4.889729635,4.23222335,5.446223385,4.529798381,4.536303159
PRKX,2.411279586,2.460400443,3.463856003,3.756276346,3.955152678,3.576569327
EIF5,5.207892258,6.57543119,5.863624723,6.953859052,7.125205833,7.289626238
BTK,5.718303783,0.164360817,5.452881927,0.046820227,0.087094152,0.201468728
PROS1,0.287033361,0.839044635,4.946267395,5.267439684,3.42580028,4.169672733
THAP11,3.7540266,4.341033352,3.809058014,5.171708813,4.344235203,5.99772169
NFKBIB,3.657178124,4.056311847,4.036524052,3.988419079,4.633489974,4.073843819
ETFB,7.27713848,7.738935884,7.509440403,6.709455136,6.619315002,6.977639119
NVL,5.304628643,4.857673213,5.23894302,4.985404088,4.193880214,4.08641254
LPAR2,4.083092668,4.67647627,3.953507672,1.881788244,1.095272826,4.280278052
SMARCC1,3.792669369,4.027244327,5.897922339,5.841739293,4.032491495,2.049192226
TLK2,3.020695545,5.706619736,4.38462767,4.357412353,4.273599773,4.713591915
GRN,7.052088005,7.627303726,6.21156066,6.443242243,6.408384513,8.659465072
FOXJ3,3.79399768,3.628886141,4.139746663,3.963256674,3.603510364,4.365739951
TCTN1,0.85043118,3.78464585,2.948111777,3.686361646,4.338895377,4.496158682
SESN1,1.676367948,4.411980468,3.174931969,2.852255917,2.956486644,2.810630915
SHB,0.059560829,2.478038025,1.818116251,0.56332963,2.267830184,3.640942596
GADD45B,4.95671909,4.865105129,3.903674226,3.284420007,5.103851651,6.25982512
FAIM,-0.063661064,3.618196861,1.988582937,3.534097972,4.242356057,5.264445498
MYL9,0.677063489,0.078423113,2.194016682,8.329617736,3.975153997,4.697108597
TFDP1,6.277361549,4.925194171,5.517945986,6.689055488,5.741044381,6.370798483
INTS3,3.924633628,4.366797032,4.587384697,5.81040645,3.533169525,4.951666555
STXBP2,6.157890853,5.811308525,7.018481718,3.615743399,3.821260285,6.249051617
CD40,-0.016863932,-0.016863932,1.97276641,2.392289841,2.701632293,3.579588991
ARHGAP1,3.879906386,5.180064271,4.033957556,4.914017265,4.425450023,6.546701646
HAT1,5.486023733,6.277949022,7.552935865,7.513895249,6.616754894,6.221116276
GLRX,5.342625425,3.022217848,3.185074163,3.234010923,6.982484936,5.85135386
MEF2C,0.129964308,0.023351875,3.402768688,5.648834138,0.037122773,0.745873946
PRPF4,4.009815436,5.361140815,4.247463278,5.707900113,5.564185529,4.709698663
TGFBR2,2.754984937,2.631017177,0.49431208,1.288440834,5.440110248,4.964521872
FGFR2,0.103592148,3.712125306,0.063815902,0.116612344,0.310465492,3.515313073
POP4,5.9128612,6.029581234,5.118939057,4.749294776,6.922714206,5.942588494
C2CD2,1.475228525,1.497082458,3.054056669,3.403764058,2.481400945,3.582929194
PSME1,7.003902758,8.312942629,6.694676028,7.94303158,6.909932015,7.941608451
RRAGA,3.24257529,5.349303721,4.724418615,5.320048465,6.315055699,5.850182603
RPS6,11.23860577,10.15415216,10.65200594,10.2801132,10.77433599,9.531482105
PRKCQ,0.322466018,-0.011419665,3.196683387,0.029871394,2.288923131,-0.011419665
NPC1,2.674034984,4.36307659,5.252557317,3.956845993,4.429119508,5.713832535
NUDCD3,3.771493513,4.236150087,4.379123276,4.58511619,4.039036385,4.550449611
PDGFA,0.186112383,3.778242303,2.902071146,0.609876735,2.959223192,2.461087718
FAM20B,2.58340949,4.35102874,4.9696152,4.673177221,4.196594812,4.822547269
ARID5B,0.08904923,3.097992693,0.463914883,3.274976639,0.606090604,3.288930099
EGR1,0.772455267,3.072382184,5.229002503,4.181685608,-0.002837595,7.573125856
PIGB,5.007467855,3.635184736,3.469900993,2.495473929,4.297262461,3.732388452
TICAM1,0.826221775,1.79327611,2.562888385,2.591492839,1.517088258,3.574799637
ABCC5,2.712862408,4.877225023,4.950694353,4.614306108,2.923437776,4.07781876
TIMM17B,5.853400879,6.40510967,7.319445386,6.484809241,5.94662342,6.174001194
EPB41L2,0.556603094,4.221514354,5.591927261,5.147174507,5.532430316,7.382251738
CHIC2,2.933441565,2.872259547,4.040268628,3.282587617,2.625500488,4.1844259
HSPA8,8.123568189,9.516347429,8.185859416,10.51896473,10.67055708,10.30067985
SORBS3,0.527969651,2.364838605,3.699466548,6.054145381,5.408700586,6.559911394
PIP4K2B,3.222833461,3.09082151,4.188433824,4.81951995,4.268728011,5.215090989
GABPB1,3.335510996,5.191826468,4.474763191,4.326372999,5.177192792,4.257627658
MICALL1,1.262571369,2.113386738,3.746595425,3.039500713,2.735604855,5.310224247
PGM1,3.566571759,2.067513859,-0.111028622,4.958109232,4.698574701,6.643664939
PIN1,5.249076623,5.289195182,6.096990014,6.060417018,5.189158784,6.478533556
WDR61,6.028871202,7.875548012,6.288045866,6.497440288,6.65141051,6.530183171
NPRL2,4.164445754,4.086046841,4.204829201,4.339611342,3.549071414,3.97405833
CRKL,3.928223085,4.292779132,6.67451243,5.142431752,3.963749742,5.271928781
LRP10,1.301283205,5.9241232,4.232249319,5.054794206,5.095844471,5.243815812
STK25,5.642974979,6.425187698,5.993781519,7.007273997,5.685282309,7.060066079
CGRRF1,2.234941868,3.424809493,2.583357785,2.490132884,4.067699521,3.757437048
SMC1A,3.155130772,4.947440697,5.960202013,6.738854177,5.467880483,6.798971614
PAF1,4.25564896,6.243791202,4.706350394,5.699434489,5.614440991,6.148145665
CAPN1,4.901973185,6.281154909,5.939663699,5.634547762,5.650403795,6.257084828
RAP1GAP,-0.045214772,2.17122657,4.646486751,1.527901036,2.207312776,3.775296174
CIRBP,7.754825894,8.996532287,8.341604742,8.767795632,5.520503765,8.613684518
PAK4,1.443484937,6.204438425,3.945079823,4.399346583,4.583576976,4.977390231
CDC20,5.539736791,5.322921704,6.307827519,6.619800702,6.700855257,7.972074146
ADAM10,1.474929498,5.76928845,5.661027929,6.074791996,6.730367935,7.924702034
XPO7,3.540587845,4.291290605,5.555802708,5.315240611,5.146617373,5.522847261
LRRC41,3.661796316,4.397848859,5.580796718,5.648815788,4.4265704,3.544388631
PIK3R4,4.337433384,4.021421288,3.74351517,5.04498132,4.543748066,4.725648053
STAT1,4.39303472,5.90296132,4.720634922,7.991149168,6.638831308,6.377360274
DSG2,0.130140194,3.553151703,5.555424605,0.827120317,5.34872048,6.103638816
TBPL1,3.978243408,4.018931437,7.515417364,4.547117416,4.395950724,5.409791923
HSD17B11,5.608156727,0.503296346,6.61821276,6.290174056,5.825586277,3.168155724
EML3,4.300770589,4.830985259,5.022634851,4.598060607,2.942242421,4.441312991
IL13RA1,1.99135564,5.003654099,4.448152948,4.066388357,6.020673927,5.304377934
SKIV2L,5.547544689,5.053718364,5.554802106,5.31836478,4.225104389,5.531264233
METRN,3.516586126,5.615070453,2.989826876,4.448005207,3.95965727,4.480330697
CDC25B,3.253026218,6.48895915,4.192985756,4.570726618,5.890359174,7.585253894
DUSP4,0.727351994,4.040666486,0.340440451,0.046077983,4.293496752,2.807209215
MAN2B1,6.881576148,5.243056567,4.843760453,4.134019642,3.863716479,5.602464679
C2CD5,2.951775113,3.410556596,3.569898374,4.089275391,3.907245577,2.974383811
BECN1,5.087494042,5.563931272,5.063863247,5.117219517,5.779650763,6.480986849
MAP3K4,3.747526509,2.647336715,4.963331618,2.795280681,2.61216677,4.129809631
ADGRE5,4.855229916,3.517803562,5.38488368,4.846051087,4.158940919,4.239867026
GRB7,-0.107324069,2.577571745,1.770348581,0.62611249,1.927499731,5.707311256
GPER1,0.074233978,3.517200425,0.234995513,1.632342885,0.157000321,0.26709344
BZW2,6.164363441,7.686669812,6.866328816,6.43498066,6.398679836,4.176583065
CHMP4A,6.729386781,6.723799596,5.748149896,5.993481836,6.008550246,6.622887713
CCNB1,3.558154542,7.138960041,6.90776055,7.974436771,8.056892034,7.896857942
STAMBP,3.513732007,4.86762814,4.761537273,4.293021409,4.955704071,5.146927323
STAT5B,2.555773824,3.204064022,6.443620016,3.978263993,3.88905843,5.297710357
FAH,6.533696027,4.960762712,6.22396951,4.912739672,4.549020295,5.217617389
IL1B,1.214708774,0.07410915,0.219281478,-0.040990286,0.15501863,1.321485612
TMEM109,6.045553361,5.81526717,4.841508317,6.122390904,6.257216252,6.302108802
HOXA10,0.187376342,1.452690838,0.07960874,-0.050695313,2.347894681,2.509390579
GAA,0.856521536,5.874779944,2.570014369,4.528007123,3.969451797,5.230919525
PGAM1,7.521506104,8.467059293,7.514770444,9.366802943,8.792103448,7.90040563
KLHDC2,3.913645366,5.163538796,4.621220037,4.634381707,4.585952226,5.712750202
SLC11A2,3.116786919,4.67584436,4.931645936,5.213915084,4.876291248,4.51801693
P4HA2,0.568164462,5.35129587,4.860470223,4.202632812,5.100012663,5.480835522
IL4R,2.221699402,2.547686137,2.343022737,2.662056077,3.129669613,4.881315795
ANO10,1.831429478,3.732420188,5.442283083,2.978034212,4.460315034,4.30498121
AXIN1,4.04164714,3.490344192,4.466291161,4.177233847,3.141017912,4.571763207
ARHGEF12,0.07387588,3.42576554,4.730588035,4.167712987,3.663090029,6.05581714
WDR7,2.13618656,1.638062463,1.651627242,2.244517072,2.139397524,2.520436527
HSPB1,3.066881804,9.988033333,6.924066912,7.21775628,7.991328681,8.404341398
AURKA,4.191655384,7.059314894,5.935584184,6.342377437,6.950282427,6.43339662
SCP2,5.552037247,6.430064022,6.707509544,6.083322856,6.181919446,7.197019737
STUB1,6.499094477,6.775300581,5.828598454,5.669163078,5.405296057,6.572568943
MRPS2,5.648882567,6.020591724,5.791031439,6.212196759,5.858532107,5.600569455
NCK1,2.665232648,3.948992509,4.122602425,5.023462102,4.56403883,5.613715044
DNTTIP2,5.672381124,4.032181079,4.949759024,5.398876206,5.700844434,4.417714928
ERBB2,1.281815991,5.278745069,2.768218631,5.139727169,4.059836866,10.52637878
CYB561,0.056930709,7.808726938,4.610303275,3.452080397,3.782340881,4.982735121
SH3BP5,0.690956623,7.02822492,4.92110387,2.022245581,2.977626142,2.877794075
IQGAP1,4.385227634,7.04962961,6.213852255,4.746635031,6.923127016,7.378047002
CDC45,6.207394415,4.828366783,8.288093928,5.577832228,4.524524343,5.017846246
TCEAL4,2.583729301,8.06448685,3.666313875,6.702573163,6.380634615,7.761260672
PGRMC1,4.501324683,6.601581764,6.325584996,6.729043319,7.156222239,6.988311766
MAST2,1.707910572,3.709996611,4.19906978,4.446689489,3.517618664,5.346596936
OXA1L,6.043747564,7.089217352,6.479965163,7.029571539,6.714788085,6.19128091
NUCB2,8.794524015,7.190475981,7.17271832,5.008053979,5.447750384,6.194955696
TIMP2,2.931290938,3.045167048,0.237018536,4.046187107,6.984800687,8.773329981
CLTC,5.783353736,8.520472257,6.768353571,6.760991649,7.7695865,7.490571216
TLR4,1.955316478,0.032729545,0.032729545,0.107649146,0.017301217,0.17911498
PAFAH1B1,3.670644203,5.42373105,4.898534276,5.68627824,6.547782823,5.576389207
COPB2,4.693076119,6.161950223,6.855835088,6.369038471,6.072479613,7.063655929
PEX11A,1.649527917,3.71886523,0.031771578,1.776490808,2.507260382,2.860020136
CDK1,5.270091853,5.94503939,7.540677788,7.498379083,6.838200544,6.590467474
CCP110,2.602407684,3.017440783,3.294882098,3.382315319,3.410377903,3.791823317
TES,3.071348456,3.553762181,6.875748588,4.559537662,5.998033033,5.740294608
PLK1,4.692853112,5.270736219,6.167407158,6.75282143,6.191360386,6.254512055
SPRED2,2.977013708,3.660527181,4.575774807,5.417914033,3.845938141,4.637437191
RRP1B,4.205715819,4.361214128,4.340903457,5.328847088,4.534366963,5.109484232
PSME2,7.430747887,8.439549446,6.899709558,9.298010624,7.490373065,7.152789624
EPN2,0.301160801,4.560245511,2.832067728,4.83177913,3.612406914,3.381230122
CDH3,0.225717666,4.456940587,0.191027662,0.143411829,0.314273854,1.274448204
ADAT1,3.015704094,4.491458671,4.025916362,3.922528611,4.183225587,4.627486112
TMEM50A,5.387799103,6.179353499,7.161005281,5.812786795,6.237189277,6.825493769
TJP1,0.166343999,4.173600298,4.189413798,4.762202275,5.962881286,5.542349137
WIPF2,1.725378704,2.942385358,3.088175597,3.381019239,3.299885382,4.626982104
MAPK9,2.903753014,5.158401242,4.521250646,4.093615305,4.700620919,5.564375136
TRAP1,6.758892068,6.729534685,7.102506187,7.20317661,6.560950423,6.156771737
CASK,0.932077862,5.117167995,1.813598252,4.114123175,4.204606431,4.685732374
CDKN1B,3.383073023,5.763754576,4.861598083,5.548353723,4.15982976,4.32423477
ABCF1,4.724807464,5.432334273,5.737220691,6.12201629,5.044591892,5.919572232
ITGB1BP1,5.825394717,5.648681946,5.544517647,5.214873028,6.722971636,6.052027393
FOS,2.839096256,6.328298108,3.182719442,2.148680724,0.862544157,7.479570762
SNX7,0.314455395,3.091120471,0.136909266,4.328824931,4.827088576,5.458407127
USP14,5.264985781,4.946698846,5.676585147,5.948498346,6.076380619,6.073160969
HTATSF1,5.83464643,6.143098183,5.132876822,5.745940769,6.133424519,5.632788865
CHMP6,3.965523418,3.745200945,3.653852419,3.547916299,4.096467691,4.666586215
IER3,1.56992304,7.768734231,6.016097107,4.000285988,5.873092618,8.298407202
TSKU,0.085233854,5.083814054,2.928193763,3.96916561,5.912288741,5.787523646
CASP10,1.857348709,0.209708464,3.621146413,0.578166608,1.749052303,2.185569694
PLSCR3,0.454753379,4.017104343,3.138674723,3.803105147,3.749143806,3.498894418
MPC2,3.695147938,3.67307322,6.039858161,4.167236359,4.817600312,5.080923642
TERF2IP,5.38844244,5.804022994,5.64087739,5.07932507,4.388324282,5.171845235
TRAM2,1.064763899,2.927273304,2.973812827,3.375992305,3.63244314,4.878214316
GTPBP8,2.579964904,3.151449866,3.828937102,3.500509987,4.141053471,3.791321646
NISCH,3.998854877,3.712241677,4.709749385,4.965376382,2.735255916,4.707521839
ARNT2,0.196516382,2.055968281,0.11704136,0.222072841,2.630931638,3.263767364
CDK19,1.617198589,3.089761199,3.843381506,2.096441512,2.54878008,4.699242026
ZNF586,3.02879215,1.98626267,2.591493483,3.510201121,2.716203933,2.813886702
SIRT3,3.12691814,3.469753292,4.668245939,4.405475929,3.494046144,4.315642643
YTHDF1,4.573037615,5.792175021,4.412453313,4.944127746,4.601304597,5.257547821
PRKCH,0.006993408,3.874492241,2.075824494,4.04086301,2.691601423,3.049416598
GNB5,1.950191038,4.245552396,1.061475321,3.434126696,4.807970933,5.678785728
AKAP8L,4.574667727,5.243515926,5.959249231,5.491608608,4.019492791,5.092281989
TRAPPC3,5.538745338,5.599480812,6.518530984,6.301576865,6.005251313,6.545786644
SLC25A4,0.495859438,3.533703626,4.606934334,5.037738787,3.213041039,5.062965837
PYCR1,2.179444129,6.590241626,7.930611007,0.057296382,5.379920921,4.650192198
ATP6V0B,8.659603495,7.522171208,7.781150486,6.623120662,6.369788697,7.033725362
IGHMBP2,2.988006615,3.164400475,3.248152451,3.054433723,2.656906249,3.590738706
TBXA2R,-0.010292417,-0.010292417,3.011746958,1.663976338,0.511802034,0.106492654
ATF5,6.649578728,6.096481683,8.75518628,5.981628018,5.644687803,6.195459609
NUSAP1,5.2149217,5.715477711,7.239230629,6.250019851,5.907258471,7.267463149
TP53,2.356531374,6.304821756,3.513917203,5.579234021,5.062369802,1.784100542
TMEM97,4.721694459,4.686538877,5.533748297,5.173013822,6.042033815,4.159243154
RRP8,4.744870275,2.407379002,3.930905554,3.586019757,4.165834732,3.229071501
CDKN2A,3.934243806,1.08656968,0.276919425,3.075219288,-0.002487683,-0.014936137
SHC1,3.590928385,5.385928309,5.675119061,8.642788638,6.693340484,6.582358464
LSM6,6.465826944,5.142819746,6.633498496,7.593062254,4.991318038,6.556131345
HDAC2,5.838430199,6.334463503,7.022349867,6.381918523,6.391643473,7.428100759
CANT1,2.781276018,6.106302667,4.572250937,4.680206418,5.07383528,5.259753779
FAT1,2.749677292,3.162429236,2.991901192,6.286767034,6.457850222,6.972421889
IGF2R,3.687107907,4.140164515,5.96419249,4.440550042,4.157313265,6.736683295
RPL39L,2.157674448,4.441265756,6.541654788,5.632602504,5.532774149,6.3366643
CRTAP,5.090251185,5.163906463,6.52189463,7.062787547,7.252208832,6.908314626
GATA3,0.000404734,8.161150524,0.118443235,0.040870097,2.222256819,0.203812198
CAST,1.87008193,5.205337271,5.821024387,2.923011734,7.061515371,7.297322884
FYN,0.928198337,1.052638604,4.051322435,2.369970755,1.439434569,4.438637427
LPGAT1,2.073552385,3.44971363,3.939482505,3.869766184,4.887131087,4.433085507
ALDH7A1,0.464434954,6.029295431,0.329361881,7.356452589,5.487791656,7.820974837
SNX11,3.875472432,4.970609712,3.94061782,2.973315859,4.369718999,3.870187792
ORC1,3.511738587,2.821532307,5.329206264,4.014660227,3.720330665,3.206237054
CHN1,0.660762939,3.656875502,0.564024131,3.00527245,4.654518599,3.232780913
PLCB3,2.778257011,3.397873099,3.853274754,4.3769215,3.270042117,4.824926434
CYTH1,3.915709418,3.82469312,4.15858439,3.87687957,4.315677258,4.79881977
SUV39H1,3.672139398,3.485866185,4.3461398,3.763724945,3.72853517,3.843743577
GAPDH,11.10584098,11.7394662,10.90215039,11.60849894,12.51777277,11.53113783
TIMM22,2.058389086,3.398858021,2.342775315,3.9018241,4.284978613,3.266813602
P4HTM,3.148452301,4.89810838,-3.83E-05,-0.215406494,2.735490796,3.321436123
FBXO11,4.519371972,4.474999739,5.016439638,5.025404141,5.460343599,5.368226966
PPP2R5A,3.632707635,4.011693473,5.731160024,4.357627115,4.105294326,4.006815976
ATP1B1,0.598789415,4.614869194,1.926774225,1.150641734,7.589504164,6.337638392
ZNF589,2.823741547,2.220785144,4.251496643,3.576583567,1.774161908,2.296456692
SLC5A6,4.879525088,5.753537995,4.466161186,6.170711519,5.593210393,4.66528114
DERA,3.114618958,4.06298936,3.764010201,4.802625095,5.623695055,4.622403656
SMNDC1,3.444811413,4.132842552,3.981628104,4.910106295,4.649990971,4.738711608
SLC37A4,4.263173068,5.314067865,5.376919396,4.651211376,3.056777468,4.462594512
NGRN,4.548121019,7.198942221,6.217067321,5.970229069,7.100231288,6.466772282
BUB1B,5.128153121,4.171802068,5.372238957,6.254561257,4.61365823,7.151612697
HPRT1,6.140382754,5.824367584,6.52787171,6.047229479,6.559204672,6.029277925
ITFG1,3.339057245,4.405516302,4.546000786,3.848915486,5.371749944,5.116407436
CDK7,3.746485571,5.553435062,5.878277571,5.270779724,5.89329263,5.469861409
PPP2R5E,2.530244311,4.255844663,3.472332548,3.682234712,4.420212527,4.657167608
SPEN,3.953732509,4.129743343,5.049365013,5.04400295,3.485237518,4.848518322
CAB39,4.399534635,3.585169148,5.518284957,4.071615568,4.657232032,5.797094277
CALU,4.319591151,6.295800496,8.189080226,6.452819346,6.905935293,7.288846711
GFOD1,2.210310048,1.485017819,1.762211603,1.460892885,1.446218148,1.823790845
CCDC92,0.13310981,3.16195492,2.612033112,3.187900045,4.012370357,5.122512722
ALDOA,10.10306933,10.63425949,10.76458726,10.08417101,9.759860299,10.59876116
UBE3C,3.273208489,4.84645737,5.154196914,4.80433704,5.304037282,4.873145797
AKR7A2,4.251013042,5.216655341,6.086682082,5.047236357,3.979639628,5.302605545
FOXO3,1.953993854,3.714627405,3.101151195,2.702042597,1.473554871,4.079555653
PPIC,0.261982658,6.679693069,3.383644735,0.349741426,3.877801733,6.445855639
INPP4B,0.621944413,4.44198925,-0.018756243,2.888441148,2.970809676,4.063591766
CASP7,1.827455109,4.367717902,4.596544658,4.637778384,4.325807819,5.438150606
CEBPA,6.775625863,2.548747255,0.705036889,2.589080968,1.718078306,0.919473519
PTPN12,3.860139131,4.482125374,5.125261725,5.293340331,5.82806296,5.423475136
MTA1,5.522569839,5.750378562,5.118363162,5.959797259,4.087627934,5.968934794
STX1A,0.90608648,3.503791824,2.340535956,2.688732256,4.822836117,3.194088531
PRKACA,3.466664951,6.212097125,5.447199104,5.920411966,4.217093503,5.677882576
RALB,3.618765104,5.716261946,6.032812831,4.824761571,6.017833855,6.519687345
PARP1,6.27758178,5.859774885,6.711268165,7.589019367,6.086105349,7.012423871
KIF20A,1.723963125,4.990502268,4.409189706,5.263973145,4.974897889,6.124481618
CPSF4,4.902681844,5.11028164,5.773523738,5.434800466,3.963334872,3.599744602
NFATC4,0.180312325,0.946035612,2.209684316,5.776129486,0.139670397,0.295955608
TOPBP1,4.370251855,4.090521056,4.70931779,4.945422541,4.503582243,4.706269953
DAG1,1.43716345,5.11954529,3.288968894,6.263401066,5.55982381,5.849351688
SNX6,3.176788148,5.578906207,5.357115182,5.699570415,6.808962437,6.242032565
PTPN1,3.167358574,6.296660358,5.28783676,4.167535397,3.932790252,5.011313868
STX4,4.456760771,5.274257068,5.20835741,4.334995475,5.322320892,5.389329171
MMP1,0.140212484,0.187968946,0.222801657,1.770551421,-0.053994221,4.112971255
NOL3,0.426690476,5.368568793,5.144689842,3.99225811,3.929993246,4.887378201
NET1,2.911692983,6.076756936,6.915905688,4.078504794,5.315451601,5.53300855
CNDP2,6.219452632,5.874495346,6.147443582,6.417686153,6.115223945,7.269522114
COASY,5.708810834,5.074456819,6.110350728,4.658635189,6.008735403,6.38426851
PRKAG2,3.312764152,3.018656811,2.114696045,2.855789404,4.272202777,4.498062319
NPEPL1,2.546618218,6.339635981,1.238742465,0.742964638,3.404063053,4.084152594
RPA3,6.111145728,6.229540498,6.738170377,5.785435661,5.860924622,4.386182725
TCEA2,2.700916639,5.618358315,4.035414426,4.705792004,2.811960461,5.705877535
APP,6.490676815,7.330256768,0.516797102,8.026175179,7.699596355,9.170580492
KEAP1,4.508885508,5.414002723,5.038451798,6.070583449,5.203197566,6.049571717
FAS,2.183777726,1.898756085,0.791856188,2.762346772,4.196784794,2.70695648
NFATC3,3.063846902,2.965108028,4.422887049,3.896225334,3.03048222,3.845103214
NR1H2,4.152617581,4.774861934,4.812803597,4.335061179,4.552072372,5.220832684
LSM5,7.95921968,6.097238643,7.002117634,6.477690641,7.365528796,5.526194559
BAD,3.808783319,5.573191335,4.77541656,4.904388474,5.283927026,5.458816185
EXT1,0.277069074,3.182563914,1.50810042,3.710952402,4.357195408,6.476135331
NMT1,4.35733666,4.946969204,6.057046434,5.898284375,5.774121416,6.914306214
COG4,3.629342986,5.713052442,5.78580362,5.297715811,5.098376463,5.4949174
RPIA,4.897293161,4.155444736,4.492220735,5.413075266,4.239037162,4.615948553
TPD52L2,5.293814881,7.570110441,6.202850565,6.488555314,5.920593429,6.484972635
PIH1D1,6.744593228,6.247331381,6.957337896,7.001378925,5.551607363,6.074668536
LIPA,2.545711634,4.924920525,-0.076675011,7.407360968,5.990936834,4.02301541
FSD1,0.217674964,1.988947737,0.470265737,4.472952,2.428001546,4.002772379
SMC4,4.601514083,5.598920656,6.692446083,6.406478762,6.278017102,6.832068334
GPC1,0.408254705,4.026738284,0.768811556,4.56555693,5.268981908,6.140228111
CCNB2,5.196837145,5.406239875,6.511527209,6.296912534,6.662967918,6.438141299
SACM1L,4.35774063,3.555017614,5.29459784,5.047927918,4.244776928,4.048026203
KDELR2,4.91472377,6.925819776,6.835046571,6.426554,7.003679502,5.962011414
CTSD,7.654943347,10.70373601,6.412262633,5.459206061,6.643889606,9.678127082
CHEK2,5.127193626,4.633223592,5.054260844,5.536751423,3.624605456,3.670631301
RTN2,0.188826711,2.963821445,4.551193721,5.910472853,2.562068942,3.542519904
KIF14,1.95302214,2.816760611,4.072579521,4.159919518,3.896284062,3.09428807
MBNL1,5.400648086,4.641203086,6.08742828,4.144829059,5.620706929,5.2088858
CISD1,4.827725958,3.99012331,5.136095547,4.266325652,5.310275154,4.859047665
PSMG1,7.010286604,6.390424854,7.187859356,5.988124212,6.042675726,6.56820967
VAV3,2.053182561,3.967832778,0.004152535,2.693790433,2.535743495,4.528200729
MELK,2.484743533,4.092132233,5.028335499,5.413758219,5.895086923,6.920538559
IGF2BP2,0.41288673,0.219866229,4.994091507,5.869132867,2.569516373,5.331659312
MSRA,4.288894876,2.444765849,1.54814902,1.395247897,3.00699095,2.701549701
KAT6B,1.384693428,3.487565426,2.206029279,3.821843395,1.925299322,2.877799154
PACSIN3,0.385500795,4.52440656,3.023193588,4.72605266,4.11986999,5.316919052
RAB21,2.225757376,5.353206984,3.565872465,3.736781285,4.813703088,5.804569273
CHP1,4.655418911,5.187186613,6.12259842,5.489637643,6.177431816,5.660933225
GNAI1,0.293141429,1.312085433,0.373340518,1.955053878,4.738451542,4.505274896
STAT3,2.029879229,4.220441375,7.42850692,4.577537169,6.086959346,6.554844515
PCNA,7.933902603,7.253636816,7.377135378,8.052636476,8.598636756,7.816585998
PPIE,5.395979028,5.541865435,6.793448551,6.008485156,5.575268722,6.289747517
ATMIN,3.565119725,4.638266601,4.016235195,4.155687777,4.514156448,5.190719724
EGFR,0.050985938,0.087233705,-0.076930364,1.269305805,5.131391345,5.289225417
AMDHD2,3.178040498,4.647449371,4.351036216,4.2097319,1.832847717,3.785507275
CCDC85B,6.209604472,4.124630025,3.291614285,4.439332746,1.346731842,5.020083617
SCYL3,1.212147971,2.554704524,2.495340463,2.78591302,1.930780087,2.347204269
TIMELESS,4.254409832,5.380745626,5.293663241,5.55641523,5.409389152,5.849204552
PMM2,5.152818749,5.85197985,4.613646004,4.802053589,5.765971434,4.689026381
PHGDH,4.982467507,7.019369495,8.706838199,9.089734916,5.938625431,5.093435866
MCM3,6.420443314,6.084649649,7.119974427,7.243943429,5.867655839,6.680912907
B4GAT1,1.366886849,3.672330811,3.339525423,4.402635431,3.465769503,4.558336799
MYCBP,5.431580216,4.793376857,5.18707937,4.53856315,4.698281271,5.071227837
CD44,4.050394798,5.412767406,1.630529591,0.98040098,6.641506992,7.394186365
SPP1,0.975806009,0.090888279,0.125941009,1.873793884,8.093454744,9.570648433
GTF2E2,3.701448466,3.8881825,5.286872517,5.123659684,5.493696996,5.689251377
RNPS1,7.139483715,6.924761993,6.82388819,7.944992108,7.045788341,7.270817505
IGFBP3,0.745799087,4.369271009,0.347488049,0.081628146,6.706267912,9.167729549
ERBB3,0.047480755,5.696948402,2.559644199,1.771136877,1.916149416,0.991586933
WFS1,0.106985475,4.539787193,0.385527123,3.348129907,2.759288419,4.067504113
NCAPD2,4.661278408,4.675431674,5.982877791,6.536772877,6.045953008,5.097937731
ZDHHC6,5.161728467,4.675303117,3.894069937,4.337374327,4.942830338,5.100320505
DYRK3,0.291005167,0.522274516,3.467750082,2.880027758,2.353727901,2.404925591
PSIP1,3.349683929,5.110511376,6.595357517,7.703588713,6.041104039,6.085875414
GNAS,8.289186869,11.24206549,8.778621673,9.433610329,8.969174412,10.03473214
NCOA3,1.11582653,7.610564709,4.066036723,2.668202794,5.72567183,4.580860893
NOTCH1,2.806616392,2.658010457,2.712966236,2.882056259,1.617096795,3.690839513
FOSL1,0.805294459,0.389486846,2.802206296,0.59648902,4.598366317,5.835167305
DCK,3.920961267,3.673399293,4.710136521,4.475654333,4.352987647,5.127931273
MBOAT7,3.488257327,7.07665702,5.402747901,5.246803912,5.519905268,5.94852579
TMED10,5.331219685,9.864070477,6.325300179,7.408792517,7.465057864,7.707621637
ITGAE,4.025330313,5.955967803,4.780902072,5.013431718,6.701958885,5.328417347
NOSIP,5.642028751,6.055366029,5.933732193,5.623165138,5.385597674,7.595572915
RUVBL1,5.594147053,5.93982895,5.45927311,7.32945345,6.329252518,6.070177364
RGS2,1.655171861,0.263739119,2.975815598,8.807190341,4.438572341,1.773398082
FKBP4,5.213351822,6.794872122,4.844412056,6.973809043,6.756333808,4.628545454
IDE,2.720280878,4.180385434,3.816120775,3.99888278,4.533406789,3.661997033
CD320,3.926976811,5.303560729,4.95258389,6.232186539,5.232159936,5.18312322
EAPP,4.234154417,5.845763473,4.454173349,4.896397221,5.253848327,5.174236995
POLR2I,7.448940925,7.631299038,6.713580455,7.287524722,7.87912499,7.107199002
MACF1,4.252923843,4.107454877,6.485014408,5.444520623,5.560986118,7.217661434
APOE,1.295554034,2.619700695,8.602440862,7.837334879,2.628914407,0.998860983
ST6GALNAC2,0.341415376,3.773232878,0.047688391,0.341415376,0.294367102,1.704602209
TUBB6,4.327328072,5.807220922,6.426952242,7.147560959,6.583212685,8.128513161
PLP2,5.684710026,7.090944139,6.997283716,5.554989133,7.909170193,7.542691524
RPA2,5.887622994,5.550806321,7.237634943,6.874934722,5.371102584,5.58667804
ZNF395,2.301389094,2.340994432,2.922947572,4.543052881,1.995913642,5.718366144
POLE2,4.619681215,3.667734385,4.235436708,4.498702732,4.329856828,4.212280584
SRC,0.463925606,2.451374997,2.727726184,3.966299987,5.909022516,4.574641933
FPGS,5.37857383,5.163426431,4.615090842,4.905974922,4.299129258,6.411256488
USP7,4.575079795,5.457221564,5.252504582,5.669024088,5.64725503,5.859678167
ABCB6,0.52679398,4.973329777,3.557581075,4.578494328,4.904046447,4.102914261
PHKA1,-0.139146668,2.891247749,3.113847485,3.683234557,4.235241705,2.996396797
ZNF131,5.028239854,4.429561705,4.904723274,4.320574506,4.212878314,5.044165931
XBP1,6.915827451,9.275275114,6.779478596,6.397413112,5.204837263,5.832243143
CDK6,3.78448277,0.274239269,4.151954007,0.106384625,3.332191452,2.866890951
SLC2A6,0.044526388,1.974478375,0.03307485,2.703376499,3.499811419,3.024842445
LGALS8,3.696873785,5.40789595,5.960259725,2.070649788,4.293709522,3.950341017
SLC35B1,6.084028271,7.216424714,5.642121677,5.80909203,6.807551822,5.758157796
SMC3,3.997136231,4.363494033,5.060744031,5.354958027,5.534577049,5.110440508
TXLNA,4.043388717,4.197059358,5.531682456,5.391218898,3.767652248,5.396190885
PAFAH1B3,3.113702363,6.247350575,5.055991645,6.878272199,6.235099421,5.795479767
DRAP1,6.931299583,7.47604869,6.602824584,7.260755813,7.067731622,8.252935997
CD58,2.373072165,3.95007976,5.056997734,3.617510794,4.592285169,4.422177128
PCCB,4.872196391,5.76667061,6.538986662,6.082708681,4.288698499,4.896430546
DENND2D,0.587885991,4.416475543,-0.025011856,-0.066419944,1.204833694,2.844877363
LYPLA1,4.183832114,6.217592128,7.136746183,6.230643353,6.393271103,6.179263873
ICMT,3.777891424,4.824718626,4.884964024,5.43517153,5.323112021,6.180262723
RHOA,8.254739174,7.807828316,8.231604474,8.846281976,8.973318325,8.868066313
PHKG2,4.655527402,5.464280717,4.454852081,4.751708553,4.029664043,4.739253633
CCNF,2.464005641,3.37272608,4.035110746,4.267140313,2.922213044,3.973887873
DDX42,5.662138152,7.221893683,6.080166088,6.383405904,6.506815101,6.248631924
PTPRK,0.031431194,5.666727717,-0.033845329,0.288249861,3.755650624,5.545106442
DNAJB6,5.332143106,6.826766038,6.962175244,6.786480927,6.577041586,6.469000966
EPHB2,-0.006136306,1.178741251,0.140893951,0.634258428,3.943688978,3.997654297
COG2,3.416858419,4.255529404,4.198555288,4.803390425,4.454155501,3.431824141
PYGL,5.34749288,4.395237524,5.433293373,6.333744099,6.320543864,7.456305417
HYOU1,5.558426144,6.890519807,8.118510369,7.126465799,4.665723624,6.66794224
FASTKD5,3.550842164,3.177167833,3.356413838,4.227461961,5.064047503,4.426626886
PTPRC,2.609130786,-0.007778948,5.79567374,0.045984952,0.00585528,-0.021546195
KLHL9,1.429920515,2.809566185,0.016140457,3.275373929,3.85821924,3.251484618
FOXO4,1.590539753,2.114899765,3.870142799,2.407133318,0.835724817,2.174997708
TXNRD1,4.962863352,5.209040643,6.449270573,5.952177367,9.833242656,7.637490615
PPARG,1.16402826,0.8757308,-0.054862309,0.054928661,4.725039717,4.498362895
NFKB2,1.820611821,3.527462667,4.458578096,4.26326682,5.134749321,4.105008404
TRIM2,0.226075077,0.551886596,0.541807047,2.209574663,0.825252299,5.380235272
SYPL1,5.205304714,6.491088005,6.359793829,5.681193108,6.773837088,5.965237371
KIAA0100,4.413075844,5.755024577,5.288387111,5.548279651,5.562589044,5.915288442
BNIP3,3.035532237,4.754697107,5.173431877,5.9464932,4.776170315,4.357324535
CSK,5.769618101,5.775977528,4.938325822,5.647737416,4.905943429,5.445213104
KLHL21,2.930553156,2.54421385,4.318199124,3.908381476,2.225672387,3.307652481
PAICS,6.481381362,6.476971527,7.660741423,7.601331762,7.339360491,7.220641054
TP53BP1,2.437349453,3.853956709,4.407849479,5.440342962,3.709945829,5.749707922
TRIB1,5.44364958,3.37039899,2.135058769,1.836752563,3.058288077,4.031459894
TXNL4B,3.237503016,3.76502174,4.075729887,3.753038561,3.787652255,3.365115486
BACE2,0.673449211,2.270778821,0.3755013,0.101177561,3.488791013,5.835011828
SMAD3,1.556460169,3.786123496,3.752239765,2.789301858,5.932100452,5.216869293
PRR7,2.252899775,3.383779317,0.969241128,3.135543301,0.231836038,2.304732915
HES1,0.174335294,5.555168932,5.664666082,3.421511295,2.287288214,4.724271993
MBTPS1,5.102019523,7.009318612,5.721307028,5.554070963,5.120637001,6.177764095
PCK2,1.79128191,7.470403856,6.949928221,7.338518242,3.992846267,3.662223334
EZH2,4.768824466,4.933132846,6.69875114,5.429300507,4.363569174,4.607693098
MRPS16,6.093477887,6.447299239,6.668710916,6.225163366,6.651680763,6.284437831
SYNE2,0.134141049,4.196094065,0.943697861,3.04871471,2.786601237,5.614335176
MLEC,5.609273374,6.468068984,5.991183699,6.538954961,6.887640358,6.660161841
OXCT1,4.073225574,3.90093235,5.367068499,4.768910035,1.598220257,4.130394989
RFC2,5.301554036,5.753268712,6.555886518,6.053400564,5.530943127,5.49767688
PSMB8,6.40403628,-0.016413795,2.652125478,2.983801867,3.513205051,7.122070625
IGF1R,1.983140715,5.31760821,0.994012065,1.124442297,4.369075458,3.611131478
FKBP14,1.637324773,2.449693294,3.968065409,3.903353209,3.378007113,2.125765718
EIF4EBP1,7.394047126,6.391701438,7.925667668,7.97407923,6.661634367,6.014560383
CSRP1,4.720576129,7.840649058,4.933130938,0.156632739,8.747244681,7.626212263
TSC22D3,3.303216569,5.784950348,4.008340424,4.22283248,3.471922787,4.737188879
GFPT1,1.792054043,4.833076903,6.366473774,3.972891562,5.496061875,5.438084082
FDFT1,5.690899917,6.945119264,9.067846037,6.929422019,6.58446683,7.900143861
HMGA2,0.071996577,0.031603119,0.04519325,8.794328884,3.191872143,3.821653206
GSTM2,2.220463255,0.932161056,3.98605022,4.97834678,2.56936316,2.842765698
UBE2C,6.507761562,7.125073163,0.232242255,7.712294518,7.187797367,7.586765251
NT5DC2,4.254510833,5.229578844,6.426761972,6.881892725,5.114340541,4.101203226
CDC42,6.616242808,7.056123422,7.603312063,7.516989501,7.448360659,8.480701585
KIF2C,4.090973309,4.182579446,7.428146241,5.560793239,4.468930698,5.691430196
ETV1,0.198724546,0.049443185,4.105066177,3.69087216,1.152495276,0.803821202
MYO10,1.201058803,2.43527225,0.177435028,0.030915221,5.356227937,4.672083503
PDS5A,3.781293211,4.426910766,5.314546341,4.990740802,5.035153825,5.699283711
MPZL1,3.098000673,3.284874663,5.599297504,6.160010304,6.213133281,5.930499635
CASP3,3.366791375,2.28378344,4.746162737,4.970979433,4.188319511,4.991264836
AKT1,5.746301706,7.287356609,5.803625011,6.82019706,5.359794145,7.321603817
EDEM1,3.584055247,3.687218797,5.335128255,3.633229162,3.830731012,4.238358275
SSBP2,2.351630242,4.224661703,5.147021215,5.651742093,3.064467726,4.482685051
MFSD10,7.897822241,5.667938636,4.276261008,4.933111601,4.571068647,6.018114069
PUF60,5.633095662,7.619000763,5.923736836,7.057435118,7.052600361,6.759216402
BCL7B,4.241963021,5.154824086,5.22324254,5.432085513,5.155935579,4.532179778
TIPARP,3.354426284,2.72466645,4.61249836,3.432767417,4.207758478,3.263339731
ZW10,2.542806982,2.755863931,4.030221204,4.230145273,3.766328032,4.058881276
CEP57,4.35142637,3.235964319,5.998087556,4.887508033,4.015353355,5.20094838
SLC25A14,3.291207947,4.242215589,4.002898591,2.98901556,3.860727958,3.465594045
PPARD,0.633637265,3.203885677,3.471218454,3.500281977,1.764522735,3.688746855
DUSP11,3.521939568,4.402487207,5.151947807,3.650009535,5.212861185,4.607667893
PIK3CA,2.365908005,2.591527177,3.860464281,3.710369702,2.636630382,3.580588342
CLSTN1,4.276660674,5.504918789,4.622518344,5.819569623,5.298150992,6.836432869
DDIT4,3.890021967,6.696008333,9.858744101,7.253200553,6.317474559,5.655013999
UBE2J1,4.870283611,3.948011728,4.640545547,4.488793939,3.989865928,4.296950129
CEBPD,4.390780361,2.650516555,2.482402568,2.72037064,1.744137791,4.75210941
PPOX,3.260007973,2.979367955,4.889175215,4.099433796,2.599797443,3.583724001
TSPAN6,0.267867969,2.513906596,0.147102088,5.966281921,4.610666452,4.275360192
PNP,7.414315282,6.482366153,6.063938921,6.018204329,6.584580538,7.335928763
RBM6,5.922194441,4.94841581,5.250354808,5.524453763,4.180815911,5.159477331
HOXA5,-0.082396764,1.373996132,-0.068980614,0.094568271,1.901934438,1.835800004
HS2ST1,2.123644601,3.104432283,4.312630075,4.325113171,3.852283055,3.008147857
TFAP2A,0.285172272,5.314348044,0.498626467,0.110766638,3.268193175,5.511501631
KIF5C,0.280264645,2.449732672,0.325459358,0.268734419,0.502762923,0.369241502
KIT,2.967182806,0.067908815,0.904426964,0.110931613,0.038525039,4.852563628
TBC1D9B,4.222586119,6.206452183,4.733526459,5.707849041,4.775736662,6.478999176
NFKBIE,4.582900764,2.410445504,3.380486662,2.410445504,2.9628199,2.932065024
MMP2,3.461068412,0.234171998,0.234171998,0.552927447,2.99702502,6.866247279
GNPDA1,5.055554581,4.526887929,5.383721842,5.789087956,5.006668623,5.728642552
GALE,4.21535745,4.927500933,6.124261798,5.238434064,4.899078872,6.742637093
CBR3,0.32065941,3.185978975,0.107011887,1.731197144,2.692075638,3.01353251
MVP,1.091255679,3.799958708,1.415410323,3.026505226,5.465492875,6.857120813
COL4A1,0.591518729,0.183300381,0.14105832,0.210790115,5.92405106,7.945152884
E2F2,1.874868079,2.247060011,3.428057759,2.866926736,1.246133651,2.115235835
MEST,2.915742475,5.559645227,0.693808782,11.19282543,5.106987867,2.543354879
PMAIP1,3.103074748,2.005361085,5.570055777,1.47920449,3.644069758,5.571330881
ACOT9,3.61409714,4.256800531,4.979012939,4.758970442,6.299871046,5.073073185
DCUN1D4,3.095551647,4.087626808,4.478780712,3.806499999,3.945546293,4.522221164
SNX13,1.595512842,3.174286213,3.377647875,2.990247772,3.562585837,2.290521854
GPATCH8,1.437753078,3.303696382,3.856980422,4.475665496,3.608155788,4.597782851
SLC35F2,4.094596886,3.092854035,4.657518045,3.542048125,5.024509139,4.906429947
GNA11,0.142066673,3.90504134,3.867988515,4.546094178,3.626302442,5.600935578
DLD,4.142751911,7.445178904,8.187830356,6.518742221,7.270048954,5.310203975
SQSTM1,5.45697382,7.238426747,7.493823187,5.63980947,8.454982089,8.462518349
CDK4,7.328230746,7.336740405,7.804548552,8.383926379,7.575882913,7.314633592
MYC,8.723386899,5.202348814,6.611989186,6.672070694,6.09469776,5.392732845
JMJD6,3.982826641,4.260491945,4.945066461,4.856066333,5.552300405,4.606758453
CDKN1A,1.313507569,7.351038968,3.619467451,4.78432144,6.531087274,2.73299971
SMARCA4,6.389069558,6.605056961,6.226665822,7.28627419,2.667988662,6.567932093
SPDEF,-0.036159307,5.539533796,0.011699338,-0.060790243,1.25544082,0.155731716
JADE2,1.225304388,3.809792997,1.949697011,2.808568714,3.202950949,3.998637963
FCHO1,3.120504221,2.85510801,5.112179155,4.101343205,2.682994045,2.021651602
FBXO7,5.444130206,5.667125194,5.837539492,6.294439344,5.730727746,6.378450475
GATA2,3.037974122,3.356793601,6.090807925,3.761166582,1.057617604,2.628683915
UGDH,2.116833246,5.245867563,4.913101774,5.227794828,8.098147936,7.145308399
BAMBI,1.671909291,6.15063329,3.194695517,0.004257532,4.301171222,3.94589158
KTN1,5.358119959,6.2895677,5.451464782,6.361939774,7.795370263,7.883569847
PSMF1,5.072313556,5.82652519,5.281413188,6.349995385,6.593887746,6.537825566
CDK2,4.103692163,5.822435228,6.50736928,5.762947998,5.804594334,5.298236061
NFKBIA,4.510046423,5.172338592,4.088053381,4.477844993,5.617259023,5.923037439
LYRM1,3.44481402,4.381131873,5.818150745,4.778577361,4.79717219,4.643373965
EXOSC4,5.261386857,5.990770978,4.67805381,6.017820566,5.158354232,4.710654674
MTERF3,4.426287847,4.334733143,4.290272908,4.769263417,5.127824442,4.836124899
CSNK1E,4.336027768,5.223377447,5.52532231,6.69863314,4.616369229,6.30067567
KDM5B,3.702919524,5.437468942,5.107676504,5.532568628,3.847756696,4.552359752
CFLAR,4.337912746,4.249112999,4.987989256,4.030229901,6.125475216,4.990461773
PLA2G15,1.518605562,3.430287199,3.252088924,2.582996332,2.828101816,4.362997617
ITGB5,0.764758627,7.298767412,3.144215071,4.477449578,7.254898032,7.188812011
HADH,4.315664663,4.957377002,6.012154319,5.046139361,3.842852769,5.289044791
LIG1,5.647637528,5.725036579,5.590399291,5.784707499,4.725913571,5.829432856
SUPV3L1,6.161589491,4.622158075,6.045960955,5.246370187,5.192847715,4.731469063
PWP1,4.938704355,5.013548339,4.61311491,5.270172655,6.720140223,5.834650404
RSU1,3.788374198,5.349263405,4.511937418,8.852622247,6.616351284,6.545587558
PDIA5,4.882360673,4.297606251,5.062799204,3.730054684,3.871249223,4.095227924
IFRD2,6.646706803,4.896879935,4.854100781,5.959332327,5.698521527,5.618633578
TARBP1,5.644492654,4.268032017,4.923992429,4.549178233,4.058654438,4.394502752
HEBP1,4.269299591,6.000394292,3.862891957,6.054515994,5.159153165,5.228498676
TOP2A,6.543642853,5.488890744,7.592634747,6.949001518,7.925076225,7.813189277
SLC35A1,3.516729485,4.702248088,3.835007549,4.112081861,3.814582897,4.948464192
USP6NL,0.92033326,3.100523343,4.014906671,3.567150603,3.282582859,3.542243077
GLI2,0.013767419,0.000573105,0.052587878,3.529135745,2.377835406,2.793647949
PTPN6,7.734376367,4.854525974,1.717161212,1.429384763,3.345729513,2.858314345
TEX10,4.004673779,3.509421075,4.703171559,5.225360141,4.924380628,4.500986838
DNAJC15,2.875593537,3.426089672,0.803247028,-0.038177337,-0.121766978,5.341202445
DNM1L,4.315171928,4.518158333,5.219295352,6.036958815,6.016434576,7.462914965
JUN,3.493675424,4.317449171,4.927224422,-0.00787562,3.81649769,7.215569127
DHX29,1.51928931,3.671726393,3.963959144,4.118381842,4.881123115,4.125585047
LOXL1,0.535539511,3.121940733,0.751490475,0.270474873,0.56834006,4.416917259
PLOD3,4.085912134,6.789984745,5.576004334,5.106746414,4.637257684,4.191270155
ELAC2,4.261266758,5.655711943,4.314295558,5.366231721,6.137720104,4.133922088
ACLY,4.272625257,6.220169591,6.643895067,6.881043512,7.788625823,6.751809765
BIRC5,4.971967269,5.351790747,6.166550403,6.064628426,6.27060662,6.210953643
SCAND1,6.258745416,6.487872019,5.083001084,6.063818954,4.189502996,6.851386373
PSMD9,4.639194266,6.507298779,5.968011585,5.67216607,6.173859066,6.26396751
UBE3B,2.313738319,4.109008898,4.001617562,3.186664958,3.502282891,4.608538467
LAMA3,0.041916549,2.971778333,0.066921937,-0.076430827,3.691552217,6.879754821
DECR1,4.4200609,7.007779234,8.003396249,5.372682758,5.966744542,7.06967532
TLE1,0.228473312,5.469060116,0.0415671,2.412195843,5.369139332,6.445062944
SOX4,2.256791436,4.258513795,0.465634864,3.957430177,3.51023119,5.673758273
ZFP36,2.680422723,4.361137809,3.686869938,3.078124792,3.270538047,4.346846493
ATF6,2.969488716,3.664219923,5.15157706,4.269552106,4.429462489,4.920373271
HMOX1,0.966197199,2.20956483,0.302492622,3.862431276,7.970940336,6.329159369
YME1L1,4.105918603,6.455913416,6.443110998,5.950703305,6.627815608,6.33403949
BRCA1,3.425486629,3.472762785,6.050518814,5.148655042,4.952739674,4.891857898
NCK2,3.015501301,3.102375756,4.912692519,4.193132023,3.299585764,5.570786289
IFNAR1,3.045633876,4.215631122,4.375538017,3.918877944,4.35707039,4.222373971
CERK,3.380898321,2.780909811,3.428473236,4.288637417,3.293770074,5.46248622
TCTA,3.003501309,3.820633597,3.445203575,3.456435288,3.846822336,3.656521958
PSMD2,5.166624361,7.732321377,6.9933071,7.842200021,7.654301415,8.189750184
FIS1,5.945830311,7.99573234,6.853791345,5.984866121,6.182581373,5.29211315
CCNA1,0.391280536,0.732383345,0.041298178,0.05412177,0.091878979,5.917438442
STK10,5.241247682,3.798988292,2.11823655,3.430034121,2.78865164,3.238150851
DUSP3,3.688497487,4.150676403,4.145344961,4.116588952,5.267225824,5.576468929
CCNH,4.852982712,5.465222457,6.296855103,5.291480475,5.674431942,5.653723129
TSPAN3,5.356714291,6.087694309,6.192456021,7.075817397,7.945857606,7.665577388
RHEB,5.307263097,6.138800881,7.294312777,6.358537093,6.862193294,6.684336005
TSEN2,3.054100737,3.426916041,3.742377967,3.405669148,3.792422449,3.330745992
PSMD4,7.426501548,8.691166853,7.613746813,8.164653965,7.373259975,8.407294908
UBQLN2,2.020175654,3.385330318,3.329065571,3.870005497,4.253599396,4.479012172
UBE2L6,3.425281605,2.159690143,5.590517817,8.303182183,3.56689843,6.22701978
LSR,-0.125303353,6.889393037,4.772066576,5.270667751,0.698339485,4.960327173
GLOD4,4.347159428,6.170410441,5.478325044,6.590624552,6.37653969,5.40975803
MAT2A,6.914684793,7.231741659,7.587620647,7.206300585,7.776770105,7.619586311
PRAF2,1.901726462,4.450926893,2.790730932,4.739329744,3.595200994,4.693528557
ACAA1,5.28401515,5.561476742,5.159107167,4.103361065,4.790827538,4.455571097
ETS1,0.807269808,0.11624624,1.625007341,0.207537603,4.541120829,5.317992731
SDHB,6.447681646,6.662797083,7.706022393,7.085759055,6.737193664,6.967963323
PECR,-0.013800185,3.230895721,4.985562008,4.507832633,4.117482685,4.507225309
SPTAN1,4.573002896,5.925541648,3.892096028,6.31463093,6.752863137,7.343403124
ASCC3,3.096859614,3.713597545,3.589515025,4.269018591,4.393993353,4.317819762
RFNG,3.509014178,3.658380708,4.45262285,3.78297672,3.215932697,4.531474265
TIAM1,0.008800415,2.678646427,0.112031537,3.101858404,0.124413687,2.15365664
PAK1,3.718519209,2.114200418,1.847860072,4.804807733,4.357360195,4.958793797
RBM34,5.900844818,5.797693689,6.507367854,6.391521755,5.759289464,5.39274493
ARPP19,4.304407884,6.838428529,5.070352841,6.136531983,6.504030944,6.636242283
HSD17B10,6.758208265,7.436572357,6.561767566,7.20823236,7.063726931,7.061919306
RFC5,3.791410946,5.081296869,5.737403223,5.185328926,5.492369847,5.253326878
ZNF318,1.537240427,2.534293551,3.46199942,3.273899088,1.935016393,3.829486488
BLVRA,2.403252312,6.175127015,6.306187175,5.77284929,5.953189094,6.116530576
UBR7,3.824774582,5.059420536,4.852239501,4.539752062,4.368981542,4.753796476
STAP2,-0.04737658,5.874671813,1.186853704,2.508851647,-0.08500117,1.933921286
ATF1,2.732180649,4.408054347,4.597757282,4.480748615,4.770830496,4.721432045
POLG2,4.232401038,5.097596556,5.014899842,4.113801816,4.038231965,3.629100205
TESK1,2.05531327,3.817728804,2.785940053,3.841418783,3.577811978,5.662690485
GRWD1,3.567906148,4.582706856,3.318922464,5.3128919,5.274755151,4.867962842
SCARB1,5.558140559,5.057899092,6.358270793,5.633361276,6.530601144,4.994188918
ECD,3.22443191,4.504942264,4.949126521,4.610357877,4.80126365,4.545285174
RB1,2.194616743,3.349780353,3.96244408,3.386387238,4.124648292,5.241281007
DMTF1,3.742918895,5.045794944,6.180559276,5.238548559,4.801854831,4.620562059
LAP3,5.01942584,5.563132067,5.494940004,6.915139375,4.913355328,6.123086736
FHL2,0.455054322,4.8598162,4.980812585,4.079948352,6.193944174,7.596432443
PLEKHM1,2.64140865,2.702699226,2.885724559,1.935313669,2.645571138,4.15525859
C5,0.137448684,1.132292022,0.787321184,2.711643436,4.987561355,0.584844485
PFKL,5.883358871,7.374393607,6.24828665,5.840340604,3.51326768,6.608977421
CHERP,4.25659555,4.76571256,4.424735589,5.657107722,3.28016669,4.576390928
RAC2,6.924118356,-0.121890635,6.911702841,0.097437257,0.109352196,1.85093966
GTF2A2,6.636397681,6.210552287,6.886389551,6.597650218,7.689737216,6.902973789
MAPKAPK5,4.548210249,4.662857949,4.731298683,5.052155496,4.99245925,4.96848903
INSIG1,3.503857197,6.006419204,7.593858414,4.496947892,4.059818982,4.204299923
AKAP8,3.988526739,3.864510578,3.584874125,4.426571455,3.277318061,4.091667809
ARL4C,2.052790872,1.670633733,0.089354871,2.196998871,4.712790455,5.349138333
HACD3,4.354102396,6.377851516,5.526337749,6.778153683,7.553350719,6.468382742
ZNF274,4.275032634,3.530913739,4.7687686,3.051036282,4.134944327,4.905717079
BHLHE40,2.870074372,4.929704543,6.985906825,3.765340913,5.987745093,6.544004543
HSPD1,8.573890405,8.659464847,8.48503025,9.5163892,9.887873001,8.565964057
SCCPDH,4.558688067,6.224774869,5.601932665,5.527108951,5.619775116,5.049260352
CEBPZ,5.812239901,5.054865118,5.104202439,5.531428469,6.459868709,5.269626725
NIT1,3.559422793,3.765625229,5.632253256,5.647298596,4.813407036,5.577912253
C2CD2L,3.069408243,3.36741059,4.906143574,2.485607554,1.419482965,2.50759904
PCBD1,4.905294141,6.480837725,6.575986344,7.3189486,7.826057247,7.46144825
CCL2,3.780807563,0.072612554,2.222105839,-0.031251308,6.561187218,0.043647245
PTK2,0.589274647,5.930780308,5.689428115,6.190728447,6.239621686,5.93789062
ADH5,5.328790981,6.213096927,7.347730376,7.082443994,6.693402717,8.442013149
REEP5,4.197353646,7.509774495,5.025052607,5.786024823,6.791972955,6.979218262
RBKS,0.71626934,2.820275945,0.80644259,1.720107407,3.140925138,3.341932131
MKNK1,3.984121463,4.039048118,4.665562222,3.532354907,3.632761733,4.15197426
CCNE2,1.042322582,4.342905272,3.333478284,2.774595174,2.24762452,3.596020664
COL1A1,0.486358175,3.186309081,0.678208364,3.640487665,2.932713161,6.183806874
DDX10,5.133764594,3.236118234,4.336286949,4.646317299,5.870193407,4.071432147
IARS2,4.33627024,6.319400862,6.022068422,7.203509146,6.990903345,6.140918943
SERPINE1,1.920646178,0.699369131,1.518396205,0.699369131,8.962392472,6.071423208
DHRS7,5.10559757,5.987610323,5.031715413,4.570462198,6.493438839,6.461398645
TP53BP2,3.920276332,3.217085873,4.623577031,4.730824647,3.955443966,4.939867243
STMN1,9.902522636,7.31332781,9.916002627,8.173886431,7.360610431,9.007632386
FGFR4,-0.084495238,2.974911171,3.693522786,4.213480492,3.952844566,4.528204663
RNF167,5.7877403,6.709274292,5.299974603,6.153056263,6.151507286,5.390108766
RAI14,0.487761021,1.621747424,4.349233483,3.732886063,6.136006612,6.680265717
S100A13,2.970763725,10.15035633,7.086404139,8.919026256,7.555031077,9.828767911
DUSP14,2.558093746,3.978975428,4.006196977,4.279048558,4.962625003,5.049129427
SFN,-0.224357684,5.556071133,0.749028739,0.365545088,6.213951122,6.625774751
EGF,0.005432398,1.048707834,1.443386696,0.031713144,0.657633597,0.132055941
KDM3A,3.616279677,3.323487546,4.708784179,4.51612782,4.096058273,4.377348285
SYK,3.994663446,1.807538606,3.820115421,-0.091625845,-0.091625845,2.465951784
NR2F6,2.44709101,3.294898237,4.043781203,5.76118844,3.341739894,4.839685788
CNOT4,2.164974842,3.193959545,3.538942694,3.248233465,3.204276004,2.872424537
MAP7,0.283542881,4.61262409,3.043342395,-0.123793216,5.331206628,1.662644378
PSRC1,2.04301308,4.551956417,5.328319722,5.573779179,3.347926744,5.386155279
PAN2,3.702384561,5.18705223,5.920905727,3.798495981,3.224609627,4.680484683
HOMER2,0.073553762,5.416299654,0.476542786,4.298317695,3.022408968,5.392694626
HMGCR,1.920150054,5.713704347,5.996110121,5.587200283,4.727983755,5.912372906
CETN3,3.421845544,4.898936427,6.261619281,5.374873323,4.917485519,5.6280045
CBR1,4.241534119,5.800819048,3.612358423,0.927406559,6.867278061,8.227099935
ARID4B,2.641877528,3.808214095,3.614208905,4.029599618,3.780574145,4.077209896
TBX2,0.010583836,5.318394832,0.010583836,7.066400841,0.832890583,0.565948179
CLIC4,2.46264413,5.979497538,6.619179312,6.957357541,5.943861228,7.251999562
GOLT1B,3.5394792,4.302770225,5.173158753,4.344743443,6.119621565,4.654265598
RAB11FIP2,1.860397671,1.876012132,2.640683481,2.685596617,3.072457977,4.116195934
SPAG7,4.841770133,6.480978763,5.592991221,7.169236757,5.748772601,5.706367587
SCRN1,0.354689445,5.50175658,0.354689445,5.482232303,4.999514823,5.043744679
WASF3,0.121328291,1.590031811,0.411404506,4.474896019,0.316941237,3.507005061
ISOC1,1.589778858,6.852024402,4.704679518,3.745421063,4.015476558,4.49390041
PNKP,3.967284286,5.825736927,5.143148292,5.85663623,4.088688304,5.190707094
KAT6A,1.705390032,2.663380376,3.491327205,3.969156125,2.99923684,3.939890955
YKT6,4.960186045,5.631644491,5.758026912,5.5393934,6.1408798,5.127789363
RNMT,4.705913766,3.460152227,4.840013119,4.266949336,3.726052668,4.236229131
NRIP1,1.362227964,3.899042035,2.703453461,1.941308349,3.875069089,4.070284661
PRCP,5.638548968,5.122394888,5.745119732,5.668755844,6.566458684,6.484804528
CREG1,5.952470783,4.681918001,7.826424585,4.944418201,5.830523282,6.187216613
CTSL,1.310510815,6.973752769,7.458877746,5.033689575,8.724351156,8.100216758
RRS1,5.635412223,5.962948775,3.605923799,5.49144511,5.816467865,4.84547865
CCND1,2.879354745,7.668665861,0.939902929,6.144839642,6.354547997,6.899276687
PDHX,3.615400657,4.550827048,4.853537794,4.546206685,4.887619431,5.03080354
TRAK2,1.134213938,4.311246947,4.145017574,2.643874992,3.443616004,4.455476928
TOR1A,4.986710763,5.250406797,5.327547494,5.538610805,5.45521535,5.581520627
PHKB,4.273500723,3.5523602,5.612995693,3.823796926,5.225904492,5.326752407
HIF1A,2.27620523,5.959351581,3.730110533,5.850257528,7.294311838,8.762490029
AURKB,4.593561938,6.293419605,6.725077656,7.041867261,6.465714866,5.660993002
BLMH,5.436863659,3.694007178,6.422364896,5.972665832,5.624764881,6.443922632
ASAH1,5.394330182,6.211808908,7.057410782,5.459530027,6.066611551,7.397581804
NUP133,4.508612337,3.752045027,4.896068546,5.30993641,4.436410631,4.063735883
PLEKHJ1,5.989569814,4.799969628,6.37457165,5.771177698,4.167115756,5.545924691
ST3GAL5,0.570735387,2.021593586,3.217966612,1.169725344,4.833301612,1.459512918
SMARCD2,6.203608509,7.829600929,6.000815392,5.858994528,5.111910772,5.857662715
NR3C1,2.450455175,4.317579348,3.754434478,0.09151132,5.369691468,4.617641459
VDAC1,6.448311638,7.914056336,7.458871961,8.449376598,8.837891093,9.21465809
MAPK13,-0.057058699,2.424695294,1.052548549,0.210552345,-0.154622953,1.969515566
CRYZ,2.535436005,4.278879108,5.518724779,5.81918811,6.446856427,5.471678704
CENPE,1.602650562,2.305735306,4.1151561,3.874796079,3.122011997,3.264925848
USP1,4.359728106,4.184036886,5.383105198,5.586670152,4.810055428,5.417144523
COG7,3.856767948,3.977693946,3.88815322,3.747070326,3.239374723,4.224689636
PXMP2,3.682945962,4.791021171,5.003718856,4.518688261,3.707712715,5.171773813
HSPA1A,1.29086487,7.429856821,6.713646044,1.121610254,6.866306438,7.351080039
RNH1,6.147873806,6.061112848,6.401935108,5.96615371,6.159811718,7.53003868
GRB10,3.701736283,2.197524071,5.759255946,3.841011122,4.471552014,3.015292887
ABCF3,4.97479574,6.078674434,4.946332442,5.079651996,4.359946223,5.218171207
MAPKAPK2,4.776033117,5.072231753,5.153871025,5.095705657,4.348336913,5.624284494
CTNNAL1,4.728918635,2.835445385,5.701173866,5.183179372,6.41286072,5.852126085
CPNE3,0.661550853,6.157509404,4.014148577,4.416482282,5.295627366,5.966446632
TATDN2,3.78224229,4.622033938,4.079679353,4.332743482,4.460253909,4.693441845
DNAJB1,3.782484435,6.515010078,5.619415202,5.999314825,6.615993573,6.425929764
TERT,1.271305772,0.99223097,0.830416145,3.067845611,1.841975109,1.061191119
NSDHL,3.277859164,5.318913125,5.035455064,4.368260615,5.129384615,4.981421989
ILK,3.760352415,5.109814135,6.093616653,6.482019287,6.571038394,7.039024592
HTRA1,0.646201172,2.182311692,0.591225346,0.387498863,5.213589915,5.944058533
CRELD2,4.681634409,5.252884989,4.379524774,5.53271201,3.260527625,4.247083819
NPDC1,3.264912978,6.116079793,0.5530493,5.058834752,3.320422738,3.389268937
GDPD5,0.08246873,2.942702069,4.33801661,0.49707957,2.705429151,4.538538084
BID,5.768762604,4.365745945,5.310935094,4.490400092,5.005179149,3.599804892
RAB4A,4.071781112,4.337444666,4.198178474,4.868978105,4.214952,5.203703583
VGLL4,1.952825291,4.611843223,2.762951529,3.889886541,3.175073854,4.628009148
VAPB,3.731496672,6.076890601,5.16916244,4.733794276,4.74312599,5.331330503
MNAT1,4.279416789,5.53398229,5.038152268,5.993129672,5.636876119,5.880972585
SLC25A46,2.545750188,4.050286643,4.080672894,3.409032984,4.576669825,4.15112717
CTNND1,1.769667434,5.372361045,5.19082663,4.919796672,6.008929234,6.344997204
MTF2,3.675096354,2.868640759,4.900356116,5.509041375,3.235478912,3.612840775
CSNK2A2,3.332839048,3.47796526,6.243519429,5.197574923,4.641487736,5.723709885
DFFB,2.969468943,1.97709128,2.673454379,2.12507359,1.538371838,2.53820601
POLD4,4.790317945,6.415802593,5.603600964,4.852057396,6.073750297,6.086706725
UFM1,4.419101364,5.166717751,5.491916762,5.575566114,4.70594115,4.902810704
MAP2K5,3.841267226,3.21642833,5.03656676,3.098991828,3.102740778,3.387616771
TXNDC9,4.270072923,5.24964908,5.261416664,5.193980029,6.234268074,5.207073648
PAX8,0.032350229,0.972810672,1.570978014,0.171631141,0.356936501,7.148021508
RAB31,4.36065994,4.967719671,4.954467348,3.020201981,3.68482504,3.850311192
MALT1,2.003777009,1.508685297,0.726415906,3.654970285,3.560479227,4.431414084
ECH1,7.19350045,8.873174019,7.723928524,7.759001586,7.999649408,7.856725291
HOOK2,2.624951589,6.034531838,3.902715652,3.858709506,2.521546792,5.349323091
GADD45A,4.17580528,3.949075538,7.171098864,4.045084962,5.02776641,6.889790653
FBXO21,1.271944292,4.457718277,2.983207949,3.987045911,4.421820188,4.895061968
ANKRD10,4.72324501,3.587641273,5.017995842,5.150907464,4.326479501,7.103205105
PCM1,6.399923266,4.614064341,6.292996651,7.77689205,5.816556444,6.154278903
PDLIM1,0.339041548,5.57273834,6.304119574,0.097226444,6.970667898,4.054779697
NUP88,5.849064882,5.617412026,4.946007673,5.689408548,6.380272505,4.564615972
ATP2C1,3.726344425,4.230158277,4.454397679,5.449050367,5.219248515,6.494315586
DNM1,2.044962418,4.276194634,4.169524954,4.679847144,4.947452061,1.701964905
CASP2,4.678436628,3.729853288,4.520293297,3.952249741,3.506388424,3.789116059
ADGRG1,-0.035531271,4.769669311,0.059009475,0.606456605,5.046663129,7.452882324
CRK,1.669617164,5.244842888,4.030495137,5.382896571,5.842520576,4.848284672
XPNPEP1,5.206360609,4.674747756,5.272223053,5.461157905,4.895286184,5.625096017
VPS72,5.060784116,6.428393277,5.861039914,6.130968617,5.399978246,6.507310261
NUP93,6.194967174,4.83847598,5.824763519,6.183830697,6.276107081,6.781789649
ICAM3,5.74318514,4.001752567,3.063170689,2.393247316,2.416274041,3.2913804
WDTC1,2.882863529,3.226702621,5.008132418,2.683064294,1.829118972,4.011241685
APPBP2,1.078494315,7.832211034,3.070644974,3.850929217,3.957943947,4.294059913
GMNN,5.043138205,5.201787715,6.704101904,6.249492097,5.779694265,6.011066161
APBB2,1.27827463,5.585209731,1.645025071,3.681690842,3.097190518,4.531888731
TGFB3,-0.017471483,1.941793017,0.823060585,2.394854275,0.53443736,0.598691597
DYNLT3,1.966707317,5.191327822,3.638262559,1.380565391,4.617272504,4.919110826
TIMM9,5.82823407,6.695327167,6.754484135,6.624708873,6.758778466,6.017736868
POLR2K,6.287765892,8.050238751,6.29765119,6.462835457,6.554950784,6.506513859
BNIP3L,2.79623015,3.37884926,6.223294142,5.262969688,4.949922333,5.614864505
TPM1,2.289494207,8.342639515,5.823198354,6.756548857,9.747798243,8.778762142
SLC1A4,3.953397646,3.003036795,4.803111808,3.291537206,3.34422184,3.212853024
BIRC2,2.972870111,3.354679547,4.692320397,5.195535972,5.007097177,6.277395618
BLCAP,4.808232646,4.897070056,4.69759092,4.49276123,4.342035523,4.818128203
TOMM34,4.663132671,4.47414658,5.20713226,5.659218542,4.787372194,4.983171655
KCTD5,4.114784566,4.846171218,4.763651341,4.331464927,4.021295089,4.759746669
DNMT1,5.681575129,6.320427048,6.616623497,7.2761202,5.352594395,6.895508038
MUC1,0.396017694,5.090082817,3.523082151,3.663000821,0.827510412,4.809168166
MAPK1IP1L,4.337398389,5.598131222,5.12015948,6.006816418,5.276641147,6.009702305
PLA2G4A,1.67517547,0.042475469,0.176766976,0.466069544,4.095625822,0.299565924
SNAP25,0.004904341,2.139769042,0.451083459,0.03297047,4.087959399,0.04679783
MYCBP2,3.749031993,2.948437542,3.287104104,3.908382757,3.38890458,3.889990181
DNMT3A,1.407222702,4.003753286,3.051659173,4.530148149,2.38910892,2.746940486
DFFA,3.469567065,4.294223791,4.55739758,5.645320254,4.179502325,5.079940108
CCND3,4.322259825,4.792180533,6.545212065,4.707604914,6.907557415,5.071150669
PLS1,0.515112163,3.366654117,3.177936282,2.824027359,4.539156693,3.773607444
NUP85,5.671002921,5.650591667,5.279924632,6.023102005,6.273317414,6.024004915
CORO1A,8.517991787,3.095426051,3.674837892,3.76226896,1.462482481,2.174287485
ARHGEF2,5.659539457,2.301022626,6.781637942,4.996618344,3.472032679,4.848506218
RPN1,7.511074422,7.795404131,7.008906781,7.327518134,7.153005747,7.565901218
LBR,5.309421571,2.613815198,6.661236829,6.519172964,5.521444316,5.034786969
GHR,0.027339168,1.895819771,0.042220013,0.822626372,0.056955676,0.114501438
ENOSF1,5.524930787,5.234531506,6.029436951,4.689960786,4.410447839,4.850668303
SENP6,5.082358445,4.816657438,5.311941172,5.38374951,5.003282902,5.376541743
ME2,5.486677268,2.610987412,4.866419553,5.581263997,5.511672529,5.496603383
KIAA0753,1.420179919,2.984711239,2.206021171,3.766788491,3.4615936,2.879445989
MCOLN1,3.236872358,2.203432035,2.978515674,3.842090119,2.617830052,3.664089653
TRAPPC6A,5.102488758,6.653700127,6.626853448,4.07837236,3.794605903,3.33843438
CLTB,5.208785385,6.216951721,5.448886385,5.357026601,5.468420856,5.962237749
EED,4.187053849,4.795739307,5.067400836,5.23645186,4.932052917,4.855088842
CTTN,0.940004316,7.649314263,6.706771887,7.054328292,6.647472233,7.716663111
PTPRF,0.33828787,6.267439178,1.222693645,4.501989467,5.848433972,6.76478856
TBP,3.5305222,3.849668318,4.796051909,3.693162721,3.461994318,4.403166596
NIPSNAP1,3.367955156,6.695998778,5.480093959,6.391919455,5.55643307,6.607001262
ZMIZ1,4.11615618,4.839955399,4.252912931,3.967833241,3.944703568,4.920964842
EBP,7.135239074,6.776990969,7.265218846,6.197520738,6.505639586,4.808112747
PRSS23,1.462947156,6.73736181,0.330177858,0.602027039,7.228087065,6.625974671
CHEK1,4.201221362,3.549767979,5.858739733,4.996422286,4.354312109,5.197199915
ANXA7,4.686951113,6.562199409,6.816119592,5.309715323,6.62415155,7.020469965
ALDOC,0.796555251,5.833152092,7.617071007,5.1055638,0.929415056,3.388357773
HSPA4,4.828948239,5.91790736,6.158169653,7.284362406,7.11544465,6.590610628
LGMN,0.619004432,5.755419167,1.596865052,5.617396321,5.362868827,6.201867778
FZD7,0.214988812,1.212293662,1.360843298,3.703754937,1.816435093,3.987555437
CBLB,1.582624524,2.915610016,2.781869686,3.954414519,2.430628926,3.320031929
BCL2,3.394779114,4.692779854,0.718986809,1.576031866,0.384931124,1.439231512
MAMLD1,0.054840341,1.504587118,0.041311172,0.255076359,1.401455345,0.911207001
MYBL2,5.601101288,5.663782658,6.039920342,6.041462945,5.172583858,7.347251184
CYCS,6.265928291,5.773916711,7.507703963,6.996506769,7.461631339,5.741542034
KCNK1,-0.055173512,4.416574923,2.795892437,-0.119988745,3.110019774,6.043856814
BDH1,4.994224951,5.384328449,-0.061388373,0.014020232,1.768055207,2.743172247
RAB27A,4.995083953,2.770739089,7.111880844,2.842016444,2.764095379,3.803560131
GNAI2,7.213285954,6.163225132,5.214489893,6.135714306,4.52131132,6.919655496
EBNA1BP2,6.434341023,6.521595724,5.98805146,7.291884403,7.351894535,6.625214314
DNAJB2,1.944471699,5.468546963,3.364485289,4.46572629,4.869648824,5.720468093
SUZ12,4.287676893,3.385967472,5.121390969,5.066962032,5.184581502,5.270692219
RALGDS,4.356847885,4.43121697,4.504684221,4.140913276,2.854746712,3.934585487
DPH2,4.487541901,4.885315517,4.524639912,4.958946884,4.518618285,4.538997877
PPP2R3C,5.21700787,4.540714207,4.86901582,4.471738003,4.88543709,4.155115068
RASA1,1.57055768,3.855902901,3.3565511,3.681180566,3.997415479,4.422934991
SLC35A3,2.751165847,4.014881205,3.593411608,2.778002478,3.498582913,4.7687765
RFX5,3.476861775,5.483752995,4.670917,6.171883767,4.69027798,5.517967695
CAT,5.155016991,4.633980154,6.328378365,4.307586415,4.769362765,5.499008588
ABHD6,0.010702295,0.952145642,2.061526478,2.271813884,2.342360583,2.57775367
ELAVL1,4.29136375,4.692104183,5.551354842,6.431256856,5.431693527,6.447893883
SPTLC2,1.833524972,4.308999766,3.282247517,2.053350334,4.018785807,4.449362772
VPS28,5.985918986,7.522354412,7.081021851,6.192900348,5.982111121,6.723328669
GNA15,5.156046904,-0.091481892,0.182190396,-0.024333498,-0.064228149,0.076722456
HLA-DRA,1.17188333,0.475717501,0.344305688,0.982367034,-0.224377129,0.141441321
HLA-DMA,1.940393633,2.69593707,0.669434283,2.363125016,2.564432635,2.007919772
LAGE3,5.2481685,6.572937128,5.483699477,5.077828506,4.066209286,4.773060647
COPS7A,4.679359081,5.335098923,4.258242336,5.928733501,5.345490806,5.293538164
RPS6KA1,5.780127182,3.790433614,4.677209249,4.304360752,3.340027257,5.439401486
SKP1,5.602485723,9.797272395,8.863389103,9.101733264,9.694296925,10.19812945
MYLK,0.45407391,0.45407391,0.279510649,2.628586223,3.273552809,5.249600745
DDR1,0.422221295,7.812339252,4.365694115,3.493791284,4.417450101,4.891142974
ABHD4,0.720257827,3.275988741,3.974335377,2.487543016,5.414310142,4.260879935
SGCB,0.226311653,2.726410373,0.263957123,3.866189868,4.404871244,5.470051976
ELOVL6,0.120258606,4.420211816,4.619300946,4.565877574,3.042679639,1.425003374
DUSP6,3.307283937,0.43904682,-0.136632398,7.114597632,1.740333629,2.399259272
NOLC1,5.93007716,6.632878784,5.720150502,7.867075411,6.894371973,5.15416182
FBXL12,3.46762106,3.247786807,4.920805374,4.584728022,2.610066974,4.101906633
ACD,4.259430646,3.948465364,4.389573831,4.669561751,3.98183837,5.637451856
UBE2A,5.400303266,5.9731935,5.918847128,5.539381174,6.981909739,6.804974206
INPP1,1.40470085,1.101853095,1.40470085,0.639852302,3.925805691,4.5707749
IPO13,4.099936237,3.320691953,4.132735068,2.875433136,2.934106436,4.320282469
RPS5,10.15863395,10.5855034,10.86076567,10.26104449,10.9962699,10.03186424
PIK3C3,4.804313918,2.681277488,5.062354958,4.170754154,4.336210485,4.573017418
PRR15L,0.049999363,4.5825826,0.024738856,-0.014018386,0.301629508,-0.094871867
MAP4K4,2.995813342,3.842226088,5.357036339,5.138114928,5.538865932,6.690559534
UTP14A,3.925724727,4.80431486,4.374712103,5.023375048,5.359201856,3.825836547
PRKCD,5.856519923,3.960325748,3.327913776,3.753112481,3.276408092,4.091768421
NNT,3.838213145,3.594889794,5.22341697,4.109004664,3.925717636,3.824651136
RELB,2.26142565,0.62423522,1.220542195,3.060579146,3.198658513,3.492786912
HEATR1,2.757795811,3.306796867,4.12099154,5.338585989,4.827786435,3.607266404
ACBD3,2.081397106,5.072644773,5.287553898,5.148801506,4.707317653,5.128133461
SNCA,0.092547952,0.146795953,1.685449948,6.405889702,0.609373401,1.928379096
ALAS1,6.412594022,3.845120883,4.373824719,4.936160278,5.598568889,5.116736215
CNPY3,6.114384892,6.117641838,5.070083585,5.785073797,5.070488534,6.006079529
LRPAP1,6.112636954,7.562264565,5.398740612,5.932126196,5.682545283,7.494794124
SYNGR3,0.033648144,2.381652837,4.45339918,3.120189981,1.763686745,1.353318573
GSTZ1,2.46722684,5.881169725,4.979902208,4.870223873,4.339810002,3.744984036
FRS2,0.756024528,4.196385191,2.238971057,3.092915107,3.378169463,3.89717899
TCFL5,2.69344684,3.702627005,2.98718024,2.861827519,1.974268629,3.809663155
NENF,4.841474701,4.558518807,5.498833546,5.445388559,5.752046802,6.417948169
NUP62,4.904317002,5.369883783,5.430455936,6.438873531,5.279432102,5.711161894
DHDDS,3.5000066,4.891156336,4.691273668,4.337037404,3.954990227,4.587849774
DNAJA3,4.903292738,5.912301729,6.373269637,5.877492044,5.473274585,5.382612728
CALM3,6.024637471,7.953704367,7.392515229,8.489864868,7.250546312,8.132294938
MOK,1.521707715,3.010376866,2.597151142,4.30369823,3.600223953,3.583759499
FEZ2,3.505845562,4.128217393,4.207811888,4.605723773,6.10871947,6.17205478
IKZF1,4.554233716,-0.049909465,3.773791691,-0.049909465,-0.036443761,0.230496005
USP22,4.335013543,6.024678571,6.03812772,6.39378856,6.076555661,5.73275518
BAG3,0.196638929,6.498596163,3.870429553,4.793468181,5.338624153,4.780951287
MIF,9.979524602,9.810120206,8.009093482,9.465700615,8.098917406,9.487039651
PTK2B,5.242998092,1.484955079,3.811922141,1.422407665,2.4356047,0.928577041
ADO,2.799284336,3.407723285,3.41800753,3.897344792,3.415076282,3.909042097
RAD9A,3.765229551,4.914098678,4.471427226,3.881762831,3.720700873,3.852724701
PSMB10,7.18336568,4.883125762,4.981531347,5.904748475,4.301170226,6.042258224
TCERG1,6.041369254,5.317454398,5.75178124,6.491710277,5.354056155,5.26363436
PAK6,0.029928074,1.00748659,0.100823035,0.042003814,-0.09712818,2.043256559
IKBKE,3.192767012,1.034856576,1.48391971,2.730589795,2.41654233,1.722903453
MTFR1,2.870784568,5.246532804,4.465104009,4.436031008,4.941015348,4.715643288
SPR,1.036541058,5.677585201,3.867851277,4.632882502,6.543760947,4.649621365
CSNK1A1,5.213164619,6.869575798,6.694201041,6.453345119,6.118020787,7.251708226
RBM15B,3.50181609,3.116348782,2.962829217,4.719732025,2.940547415,4.557916256
DUSP22,3.09141789,3.712296615,4.807039987,5.050289251,3.06152723,4.416224654
TRIM13,5.101413784,2.790709892,3.907976717,4.600347661,3.972029022,4.009706373
RAE1,4.402771235,6.877548509,5.249709906,5.641131721,5.624607917,5.334128866
CLPX,3.145760835,5.262701109,5.060561772,4.866593489,4.962544962,5.086309612
CXCL2,0.372169956,-0.089200336,2.875568377,-0.009302085,2.136722475,3.777019954
SLC25A13,2.777810445,4.223237597,5.449549242,5.359140581,5.02764799,4.10571588
TM9SF3,4.298237758,5.604798101,4.843531528,6.010116636,6.844679646,5.562296615
FZD1,0.973083832,1.637433357,1.469025101,1.637433357,0.638015777,2.848930661
CDC25A,4.467694206,2.346925947,4.509884369,5.044768722,2.865696447,2.934679016
MBNL2,0.250445667,2.806715458,4.371337604,0.74591222,3.896706744,4.352125483
HERPUD1,5.263467305,5.390006716,6.782090707,5.464471979,5.776924462,6.319872833
PKIG,1.820350148,3.71075737,2.814132059,3.912700027,4.354148756,5.325074261
PSMD10,4.41509635,6.564594964,6.814094415,5.178011021,6.879650168,6.384141459
CXCR4,6.677995802,5.425577042,0.206764868,1.800435981,0.183001857,0.445446964
G3BP1,5.786238313,6.971313368,6.163712599,7.927486076,8.526606794,8.992708619
SLC27A3,2.351493256,5.257070989,2.151805922,3.518361194,0.601748811,1.710606789
ADRB2,2.921277547,-0.023878856,0.002997062,-0.037517057,0.623709678,4.174636499
EDN1,0.084406632,3.18662875,0.058170707,-0.037566877,5.510471573,5.461454401
RPA1,4.283276115,5.206906514,5.037396256,6.289530832,5.960314978,5.087352567
TRIB3,4.151131883,5.929069591,8.117447375,4.784797473,5.121104717,3.455923614
ABL1,3.687985369,4.106995024,6.052040109,5.032270394,4.186851789,5.392142445
HERC6,1.180237655,0.611374036,0.602653835,1.144465355,2.126401972,4.181758436
RAD51C,5.092975829,8.607845254,6.560562139,5.05156088,6.332315592,6.058297724
TNFRSF21,0.644054801,2.131585725,1.879100417,1.61189561,3.745278834,5.731476615
IKBKB,4.198671137,3.560200146,4.340348713,3.513949877,3.781221955,4.673076156
SATB1,3.244677392,0.164201602,0.26336737,4.824423491,0.164201602,1.549936263
ACAT2,4.939133101,5.639176778,7.335315109,5.230815958,5.669358936,6.688157069
TNIP1,4.29844573,4.549527726,4.717634852,4.938634563,5.473916781,6.455349189
ATP11B,2.903341789,2.657952733,4.449451848,3.452339129,3.292738766,5.274864802
ERO1A,4.144756858,4.819569317,4.862185092,6.100569909,5.217221873,5.597721212
ARFIP2,4.835629479,5.454038039,5.092412353,5.164934142,5.256731624,4.948188697
CHAC1,3.236269294,4.170978391,5.962852973,5.78671076,2.066200739,2.391272865
BPHL,2.131203323,3.875388435,3.506734057,3.592739436,2.848449973,4.289950292
EVL,4.969838821,7.246424309,4.703184576,4.840633849,3.472389442,4.991877979
MRPL19,3.253630995,5.041892878,4.245502932,5.99005103,6.386106437,5.646210177
MRPL12,7.763910485,6.703737464,6.35825489,6.766703478,7.191008246,6.928229773
TM9SF2,5.200426997,6.077868872,5.409319149,5.784436229,5.777759228,6.292312785
CCDC86,4.754002919,4.657389705,4.261322962,5.172420406,5.857777244,4.769261397
PIK3C2B,0.189708669,3.411715478,1.095851056,2.948450245,1.747683199,2.383993978
EFCAB14,3.267447209,4.26571348,4.26571348,3.937355861,3.98135497,5.038107899
PXN,0.661249219,5.848844783,5.710905732,4.378550405,6.512008845,6.409055065
NUDT9,2.976892766,4.243533599,3.821046821,5.405282456,4.555716309,5.979954583
ATP6V1D,2.99707571,6.074480689,5.431953507,5.205508277,6.332447453,6.008274749
NFE2L2,4.278654264,4.976672445,6.244576505,5.352141869,6.190771919,6.637116032
SPAG4,1.046637215,2.313120399,3.850480746,3.867619004,1.338207542,1.205616926
CDCA4,4.238651692,4.326032653,4.556150998,5.476994265,4.045971254,5.656494778
PPP1R13B,0.076790202,3.857424859,0.400687708,2.072947173,1.516187586,3.718635065
MSH6,4.315790646,4.696495326,5.57523576,6.350929967,6.125884615,5.262533789
RPP38,3.231613364,4.341050552,4.124143242,4.86710636,4.664616997,4.198483377
AGL,1.627078301,2.246975902,3.424264258,2.5456691,2.607098298,3.235386799
RALA,3.175409063,4.348982136,5.952616174,4.671945551,4.614533196,4.660505959
DAXX,4.676166836,5.57999398,5.530115792,6.31357464,4.628571648,5.683629113
S100A4,8.943503966,2.051080769,2.568492043,5.694358146,11.3545683,12.3912412
TMCO1,6.381490167,6.400490839,6.691587989,5.102468604,6.942659398,6.709301487
HDAC6,4.417868126,4.295588542,6.14510956,5.15505684,4.126383679,4.974944301
FUT1,-0.016020967,2.45153251,5.343037933,1.366055413,0.196464322,0.328894977
SOX2,0.23287699,1.345198932,0.100088931,0.773521538,1.687281266,-0.060392885
ID2,4.348703903,5.393882409,4.038945344,5.678464101,6.098606615,6.362790733
RRP12,5.041875781,4.739506101,3.649009028,4.557860996,4.763398187,3.168328931
ST7,2.89091959,3.871049839,5.273640434,3.871049839,4.312087654,3.23221944
HK1,1.312715135,6.219273229,7.950575861,5.560879932,4.74493282,6.21892842
STXBP1,0.934536119,3.345048229,4.486834021,4.451092321,3.413663135,3.884685725
MAPKAPK3,5.446933092,3.532788714,4.986849139,5.117839251,3.49585203,5.971661919
MLLT11,0.432212323,1.949191443,4.997116077,5.371850153,5.234176632,4.309318527
NOS3,0.084261897,0.036220052,5.86606225,4.828090675,0.321810184,0.970722164
POLB,4.269021627,3.847595278,5.771831386,3.683904412,4.79996032,4.815013715
PTGS2,0.283144786,-0.043243313,-0.043243313,0.129275951,2.680200097,0.271881002
CASC3,4.369709054,4.553487224,5.42214438,5.578601061,4.828353178,6.35119524
MTHFD2,6.659141959,8.055774822,8.996727206,7.704278345,7.608161186,5.99042073
BMP4,0.36017681,2.489952269,0.266245318,0.531602125,2.876051185,2.150633945
MCUR1,3.654414896,3.401272515,4.439152541,3.703919334,2.907696213,4.198601712
EIF4G1,6.730113412,7.774235688,6.857232405,8.361139266,7.108186257,7.817559048
ADI1,5.319520734,6.115272632,4.644639681,5.480928643,5.944082078,5.390260876
EPHA3,0.049473398,0.415489884,0.020507059,4.933870984,0.020507059,0.049473398
TBC1D31,1.715008362,4.883466578,4.773263049,3.304334495,3.112587563,3.908348827
LYN,2.509543812,0.193763081,4.747072628,3.138753764,3.557115051,3.314102128
VAT1,6.30213188,5.736068391,7.725667318,6.040150286,6.200638706,7.208672174
CDK5R1,0.393816517,1.171242866,1.487182955,1.739954881,1.497335543,2.949561334
CAMSAP2,0.282037774,4.137261862,2.402621914,4.354436199,4.285088172,4.640213818
SOCS2,0.333516856,1.991528251,7.275711331,5.886836143,3.02402332,2.183900741
CCNA2,4.448926174,4.361747957,6.701070232,6.149461782,5.269748068,6.115697968
TWF2,5.789858225,3.978496512,5.87252826,5.192236201,5.10681928,5.503652537
POLR1C,5.620963416,5.790920848,5.555804923,5.686012778,5.417169585,5.013030034
ICAM1,0.366420115,1.32368087,5.818997488,1.187851431,1.234529761,0.820548202
PARP2,4.697831426,5.251990096,5.299752153,5.603728049,4.994455033,5.460431725
KDM5A,2.62769263,2.733740422,3.04931618,2.98763498,4.273380161,3.007271145
BAX,6.22703818,6.667934719,5.827443122,7.863988648,7.165338129,7.447665007
CREB1,1.940491287,3.885810402,3.571058134,4.380601212,3.546120721,4.863438356
ENOPH1,4.979277625,5.394882728,5.243633568,5.402717443,5.082942254,5.492344209
CIAPIN1,4.976668136,4.690804813,5.363222535,5.908393991,6.318936834,5.963077454
